{
  "congestion_matrix": {
    "index": [
      6,
      7,
      8,
      9,
      10,
      11,
      12,
      13,
      14,
      15,
      16,
      17,
      18,
      19,
      20,
      21
    ],
    "columns": [
      "Aisle 01",
      "Aisle 02",
      "Aisle 03",
      "Aisle 04",
      "Aisle 05",
      "Aisle 06",
      "Aisle 07",
      "Aisle 08",
      "Aisle 09",
      "Aisle 10",
      "Aisle 11",
      "Aisle 12",
      "Aisle 13",
      "Aisle 14",
      "Aisle 15",
      "Aisle 16",
      "Aisle 17",
      "Aisle 18",
      "Aisle 19",
      "Aisle 20"
    ],
    "data": [
      [
        0.5899355436586002,
        0.5424633682912768,
        0.45596303699201735,
        0.38530632222944255,
        0.5198223313613589,
        0.33934853854217495,
        0.3895193220027732,
        0.36351718016819695,
        0.4049552715319335,
        0.2464764788439432,
        0.43173940656343257,
        0.31975996046923993,
        0.5075260872625266,
        0.23108121819104321,
        0.47359638031652496,
        0.31979107834626475,
        0.23485819963855514,
        0.2516114165945678,
        0.26796526918056796,
        0.34241659464019164
      ],
      [
        0.50228354880355,
        0.39262999960614203,
        0.4475645407739017,
        0.6642270358611864,
        0.6227543170100711,
        0.3436323669674032,
        0.30380034781682,
        0.3120031326718261,
        0.3613517972730417,
        0.19772074348015944,
        0.2742623462576655,
        0.13314159261224104,
        0.33992231226052794,
        0.3647195939702741,
        0.25168135377006257,
        0.4573986763290033,
        0.17742343369976588,
        0.15356251197901796,
        0.3224451818559972,
        0.40470983026121543
      ],
      [
        0.6183927691457869,
        0.40411157371310596,
        0.5578680833431295,
        0.44614915304992925,
        0.432737270005918,
        0.3883659937486672,
        0.365232287841342,
        0.14236078430157503,
        0.4476540349725896,
        0.4380091354147452,
        0.23744372984904705,
        0.3395803533437409,
        0.3494030186282739,
        0.3260673765823907,
        0.24496948461545798,
        0.2328376632061948,
        0.29744459290085545,
        0.41727290192593647,
        0.35436001545944323,
        0.2629385667913894
      ],
      [
        1.0,
        0.7651457379369923,
        1.0,
        0.8760286221221898,
        1.0,
        0.5880330105373855,
        0.5705318524279094,
        0.8160826787378519,
        0.6532298798688108,
        0.7346503881730715,
        0.6953079421120816,
        0.7477040827223121,
        0.7076821891060255,
        0.571700777581143,
        0.799626681944714,
        0.6506243416838687,
        0.5443418101340248,
        0.6571884839034087,
        0.850075979063431,
        0.7850221742113492
      ],
      [
        1.0,
        1.0,
        1.0,
        1.0,
        1.0,
        0.7430041647191069,
        0.8030283454031841,
        0.7238789159026513,
        0.6740957854179297,
        0.6803650150915022,
        0.6928398740585936,
        0.6962777763490158,
        0.7727629543636979,
        0.7051945885807299,
        0.7732640077215579,
        0.6919283419891418,
        0.707863519031609,
        0.5001799315467892,
        0.7916327674702481,
        0.7346488475897992
      ],
      [
        1.0,
        0.7603744621806309,
        1.0,
        1.0,
        1.0,
        0.5960094072874469,
        0.7612773905062569,
        0.5946584436826343,
        0.6376231039304194,
        0.8914031353866786,
        0.6809317599236653,
        0.7217432873179722,
        0.7870067730688753,
        0.7495681887972604,
        0.7150418905143576,
        0.7364961002466225,
        0.9403415585238275,
        0.6942381202966414,
        0.7201099046714967,
        0.8050654396007612
      ],
      [
        0.5605525932957983,
        0.568703030556038,
        0.5138730222029184,
        0.3356995087269516,
        0.6133431532301096,
        0.1853654606981312,
        0.33026354652390333,
        0.22457241499806418,
        0.29358616534070076,
        0.332876241030348,
        0.3321357215450273,
        0.3421920754235285,
        0.4613711269058647,
        0.34535343015139797,
        0.2755843364709351,
        0.3964087168288357,
        0.41894704889246404,
        0.17723921848630075,
        0.3597400069849858,
        0.3701172742310898
      ],
      [
        1.0,
        1.0,
        1.0,
        1.0,
        1.0,
        0.7015579047581467,
        0.5903724913104798,
        0.5559949117405705,
        0.8594505063224972,
        0.6153038651681672,
        0.6008607650543693,
        0.4846609886396285,
        0.6361038252310497,
        0.5676910206592501,
        0.8642015160136369,
        0.8009817089342633,
        0.6311849654822276,
        0.9252435805344308,
        0.7981765486991594,
        0.6675168616491377
      ],
      [
        0.8000594285126426,
        1.0,
        0.9110427533236403,
        0.8854601253043106,
        1.0,
        0.9439752406339272,
        0.8384272818510518,
        0.7563909120052359,
        0.7594754341665285,
        0.7853415558780308,
        0.7758928589786764,
        0.7281191423969375,
        0.7104201103951876,
        0.6937406872100477,
        0.6246035411133324,
        0.6719324923133225,
        0.5307043185804614,
        0.690166037320525,
        0.6011408892849082,
        0.5896410682784229
      ],
      [
        1.0,
        1.0,
        1.0,
        0.8929499396376821,
        0.9510371863429661,
        0.7940771187988216,
        0.601751260646169,
        0.6775366850002975,
        0.7550052099024551,
        0.6031655545136364,
        0.7105375506145959,
        0.5665974505081794,
        0.6398632356048786,
        0.7319781934142536,
        0.540700626646833,
        0.7440474737960399,
        0.6980362201073318,
        0.7552489954417148,
        0.7223914134064661,
        0.8364140429973844
      ],
      [
        0.46252245026479066,
        0.40705944588747467,
        0.4622297503032283,
        0.5043298029036387,
        0.45488600703257037,
        0.3040591691203882,
        0.22980083121932443,
        0.23370990824490517,
        0.15973947282003062,
        0.47495767431869396,
        0.17561367646087148,
        0.23070948022040927,
        0.22815927344308023,
        0.38949243769444414,
        0.2705050321707972,
        0.42477420726737336,
        0.23265093757561311,
        0.32789941622238017,
        0.21646529467402426,
        0.5145149127773389
      ],
      [
        0.33124015809704865,
        0.4809820710227027,
        0.5133776880932098,
        0.4913799097451498,
        0.43147123411222915,
        0.2870179300266574,
        0.30438114719791093,
        0.28529979983715115,
        0.39638791167949095,
        0.5210523001591352,
        0.24425082149921662,
        0.1630197020420922,
        0.2911717951648745,
        0.5579709337654318,
        0.2196325432030269,
        0.46391168054440673,
        0.4677700814076441,
        0.24464117582920053,
        0.3568983079185275,
        0.4628396623128538
      ],
      [
        0.41208722590125124,
        0.4296419639897638,
        0.39183190860513556,
        0.3485243269307133,
        0.38507224549339925,
        0.1776059733237743,
        0.3034083468259226,
        0.2230026768941358,
        0.32337859117907475,
        0.14441043537963724,
        0.3330880232214457,
        0.38335289616089246,
        0.10062643574285443,
        0.3374056569847572,
        0.42276689924732924,
        0.17903589813087945,
        0.46725723868377034,
        0.3419019009366045,
        0.2294988144241591,
        0.2944230922342294
      ],
      [
        0.5058326912521722,
        0.4576005391412411,
        0.5038755992446369,
        0.3579326406920633,
        0.46693608240360773,
        0.15862855030950196,
