{
  "time_series": {
    "weeks": [
      1,
      2,
      3,
      4,
      5,
      6,
      7,
      8,
      9,
      10,
      11,
      12,
      13,
      14,
      15,
      16,
      17,
      18,
      19,
      20,
      21,
      22,
      23,
      24,
      25,
      26
    ],
    "baseline_lph": [
      47.16994977469132,
      48.38907826307019,
      46.388503665822725,
      47.859504931478604,
      46.393423244430366,
      40.07360030093839,
      42.981993818543735,
      45.16773733283515,
      41.77091577147667,
      46.99978618998862,
      49.59225249703109,
      48.456285555091945,
      43.959671387209376,
      48.87217841054986,
      44.646002371606336,
      42.988742086645885,
      41.959792009377175,
      42.69259094053562,
      42.235469544376315,
      43.71124866712647,
      43.481721943149594,
      42.80913806046024,
      43.91081450923905,
      45.97193882435902,
      45.04866240632397,
      37.545306094650286
    ],
    "optimized_lph": [
      50.41456053854208,
      57.04891986938963,
      51.296461168073,
      54.701282568361364,
      51.59726719200588,
      43.38166968970911,
      50.24148698363247,
      53.08163067321439,
      47.17178753610809,
      50.163190680269544,
      56.21172369920702,
      56.31243439645956,
      48.335254742129585,
      56.47804505180106,
      51.31993795358779,
      50.305990649044396,
      48.433131363404975,
      47.63687617029362,
      50.3656472285295,
      50.03014160765498,
      49.96302342535713,
      47.83060683091948,
      49.83251330883764,
      51.54052557697252,
      51.54654267738743,
      45.74466472906134
    ],
    "baseline_cycle_time": [
      16.242148285602966,
      15.979657903184888,
      20.70675549124041,
      18.2860144842722,
      17.696390892010125,
      20.359857031094116,
      17.991576690394705,
      21.739014570320403,
      20.116888807008905,
      18.468132887781444,
      22.535962319898257,
      18.491427615494995,
      20.61314305801396,
      20.04893887060974,
      21.652611934098196,
      22.14226679509028,
      19.948006223598654,
      18.869873194480725,
      20.789958214408674,
      19.183426945371842,
      23.320080871289935,
      20.60480299662411,
      19.952017673031836,
      20.877020458797364,
      18.679310565705457,
      19.342578942234024
    ],
    "optimized_cycle_time": [
      12.654677891989675,
      10.979838267116003,
      14.071335167547545,
      13.595252630697814,
      13.689964765977686,
      15.234259710919817,
      13.75077336572884,
      15.04665441977512,
      13.346711407652936,
      14.49812260076703,
      15.967748999253038,
      13.113161469992358,
      15.904018315249298,
      14.880219994359539,
      15.954590810215986,
      17.67443396838587,
      13.847749896686917,
      14.32858080249111,
      15.014380414291914,
      14.026941223758332,
      18.013232968458777,
      15.241726762601056,
      14.796089587822628,
      15.889460600181945,
      13.15714142367362,
      13.25528910453729
    ]
  },
  "summary_metrics": {
    "lph_improvement": 13.825067153648092,
    "cycle_improvement": 26.56164481110101,
    "baseline_avg_lph": 44.65678110003877,
    "optimized_avg_lph": 50.807127550382816
  }
}